timestamp,experimento,condicion,valor_condicion,rssi_dbm
1791577507.928,E5,5 pasos (2.05 m),2.05,-57
1791577508.382,E5,5 pasos (2.05 m),2.05,-60
1791577508.386,E5,5 pasos (2.05 m),2.05,-60
1791577508.513,E5,5 pasos (2.05 m),2.05,-58
1791577508.517,E5,5 pasos (2.05 m),2.05,-58
1791577508.971,E5,5 pasos (2.05 m),2.05,-60
1791577508.975,E5,5 pasos (2.05 m),2.05,-60
1791577509.557,E5,5 pasos (2.05 m),2.05,-56
1791577509.564,E5,5 pasos (2.05 m),2.05,-56
1791577510.266,E5,5 pasos (2.05 m),2.05,-53
1791577510.271,E5,5 pasos (2.05 m),2.05,-53
1791577511.222,E5,5 pasos (2.05 m),2.05,-63
1791577511.226,E5,5 pasos (2.05 m),2.05,-63
1791577511.689,E5,5 pasos (2.05 m),2.05,-54
1791577511.695,E5,5 pasos (2.05 m),2.05,-54
1791577512.523,E5,5 pasos (2.05 m),2.05,-62
1791577512.527,E5,5 pasos (2.05 m),2.05,-62
1791577512.639,E5,5 pasos (2.05 m),2.05,-62
1791577512.643,E5,5 pasos (2.05 m),2.05,-61
1791577513.350,E5,5 pasos (2.05 m),2.05,-59
1791577513.354,E5,5 pasos (2.05 m),2.05,-59
1791577513.821,E5,5 pasos (2.05 m),2.05,-61
1791577513.825,E5,5 pasos (2.05 m),2.05,-61
1791577514.280,E5,5 pasos (2.05 m),2.05,-64
1791577514.283,E5,5 pasos (2.05 m),2.05,-64
1791577514.993,E5,5 pasos (2.05 m),2.05,-54
1791577514.997,E5,5 pasos (2.05 m),2.05,-54
1791577515.123,E5,5 pasos (2.05 m),2.05,-54
1791577515.128,E5,5 pasos (2.05 m),2.05,-54
1791577515.581,E5,5 pasos (2.05 m),2.05,-58
1791577515.586,E5,5 pasos (2.05 m),2.05,-58
1791577516.294,E5,5 pasos (2.05 m),2.05,-61
1791577516.298,E5,5 pasos (2.05 m),2.05,-61
1791577516.758,E5,5 pasos (2.05 m),2.05,-56
1791577516.768,E5,5 pasos (2.05 m),2.05,-56
1791577516.893,E5,5 pasos (2.05 m),2.05,-56
1791577516.893,E5,5 pasos (2.05 m),2.05,-56
1791577517.019,E5,5 pasos (2.05 m),2.05,-62
1791577517.027,E5,5 pasos (2.05 m),2.05,-62
1791577517.470,E5,5 pasos (2.05 m),2.05,-65
1791577517.478,E5,5 pasos (2.05 m),2.05,-65
1791577517.712,E5,5 pasos (2.05 m),2.05,-59
1791577517.720,E5,5 pasos (2.05 m),2.05,-59
1791577517.845,E5,5 pasos (2.05 m),2.05,-55
1791577517.853,E5,5 pasos (2.05 m),2.05,-55
1791577518.541,E5,5 pasos (2.05 m),2.05,-67
1791577518.546,E5,5 pasos (2.05 m),2.05,-67
1791577519.250,E5,5 pasos (2.05 m),2.05,-54
1791577519.256,E5,5 pasos (2.05 m),2.05,-54
1791577519.504,E5,5 pasos (2.05 m),2.05,-54
1791577519.509,E5,5 pasos (2.05 m),2.05,-54
1791577519.956,E5,5 pasos (2.05 m),2.05,-54
1791577519.962,E5,5 pasos (2.05 m),2.05,-54
1791577520.085,E5,5 pasos (2.05 m),2.05,-56
1791577520.089,E5,5 pasos (2.05 m),2.05,-55
1791577520.210,E5,5 pasos (2.05 m),2.05,-55
1791577520.215,E5,5 pasos (2.05 m),2.05,-55
1791577520.542,E5,5 pasos (2.05 m),2.05,-57
1791577520.542,E5,5 pasos (2.05 m),2.05,-57
1791577520.675,E5,5 pasos (2.05 m),2.05,-62
1791577520.678,E5,5 pasos (2.05 m),2.05,-62
1791577521.139,E5,5 pasos (2.05 m),2.05,-62
1791577521.139,E5,5 pasos (2.05 m),2.05,-62
1791577521.728,E5,5 pasos (2.05 m),2.05,-57
1791577521.733,E5,5 pasos (2.05 m),2.05,-57
1791577522.435,E5,5 pasos (2.05 m),2.05,-69
1791577522.442,E5,5 pasos (2.05 m),2.05,-67
1791577522.554,E5,5 pasos (2.05 m),2.05,-54
1791577522.558,E5,5 pasos (2.05 m),2.05,-54
1791577522.696,E5,5 pasos (2.05 m),2.05,-59
1791577522.700,E5,5 pasos (2.05 m),2.05,-59
